university,category,file_name,course_title,instructor_name,instructor_email,course_description_summary,knowledge_points,prerequisites,textbooks_materials,grading_scale,assignments_summary,weekly_schedule_highlights,data_source,source_link
Duke,COMP SCI,CATALOG_0154951-2010-05-01,COMPSCI6X: Honors Program Design and Analysis I,N/A,N/A,"Similar to Computer Science 6, but faster paced and more challenging. Examples from physical and life sciences. Instructor: Staff",design; honors; program,,N/A,Standard,N/A,N/A,Coursedog Catalog API (duke_peoplesoft),https://undergraduate.bulletins.duke.edu/courses/0154951
Duke,COMP SCI,CATALOG_0285001-2021-08-15,COMPSCI20: Principles of Computer Science,N/A,N/A,Credit for Advanced Placement Computer Science Principles on the basis of College Board Examination.,computer; principles; science,,N/A,Standard,N/A,N/A,Coursedog Catalog API (duke_peoplesoft),https://undergraduate.bulletins.duke.edu/courses/0285001
Duke,COMP SCI,CATALOG_0026471-2004-08-15,COMPSCI49S: Distributed Information Systems,N/A,N/A,"Principles and techniques for sharing information reliably and efficiently in computer networks, ranging from high-speed clusters to global-scale networks (for example, the Internet). Topics include advanced distributed file systems, distributed programming environments, replication, caching and consistency, transactional concurrency control, reliable update and recovery, and issues of scale and security for Internet information services. Prerequisites: Computer Science 210, or Computer Science 110 and 214, or consent of instructor. Instructor: Chase",distributed; info; programming; systems,,N/A,Standard,N/A,N/A,Coursedog Catalog API (duke_peoplesoft),https://undergraduate.bulletins.duke.edu/courses/0026471
Duke,COMP SCI,CATALOG_0178501-2008-05-01,COMPSCI82S: Technical and Social Analysis of Information and the Internet,N/A,N/A,"The development of technical and social standards governing the Internet and Information Technology in general. the role of software as it relates to law, patents, intellectual property, and IETF (Internet Engineering Task Force) standards. Written analysis of issues from a technical perspective with an emphasis on the role of software and the relationship of standards to social and ethical issues. Meets as a seminar with an additional weekly meeting to accommodate guest lectures. Not open to students who have taken Computer Science 182S.  Instructor: Astrachan and Forbes",analy; info; internet; tech,,N/A,Standard,N/A,N/A,Coursedog Catalog API (duke_peoplesoft),https://undergraduate.bulletins.duke.edu/courses/0178501
Duke,COMP SCI,CATALOG_0164701-2014-08-15,COMPSCI88S: Introduction to Problem Solving,N/A,N/A,Techniques for solving computational problems in groups and individually.  Topics vary every semester the course is offered.  Course may be repeated once.  Consent of instructor required.  Co-requisite: Enrollment in Computer Science 94 or Computer Science 101.  Instructor: Rodger,problem; solving,,N/A,Standard,N/A,N/A,Coursedog Catalog API (duke_peoplesoft),https://undergraduate.bulletins.duke.edu/courses/0164701
Duke,COMP SCI,CATALOG_0025911-2020-08-15,COMPSCI89S: First-Year Seminar,N/A,N/A,Topics vary each semester offered.,first; seminar; year,,N/A,Standard,N/A,N/A,Coursedog Catalog API (duke_peoplesoft),https://undergraduate.bulletins.duke.edu/courses/0025911
Duke,COMP SCI,CATALOG_0025851-2014-08-15,COMPSCI91: Principles of Computer Science,N/A,N/A,"An overview for students not intending to major in computer science. Computer programming, algorithms, symbolic and numeric computation, computer systems, basic theoretical foundations, and the effects of computer and information technology on society. Not open to students having credit for Computer Science 101 or higher. Instructors: Forbes",algorithms; comp; principles; programming; science,,N/A,Standard,N/A,N/A,Coursedog Catalog API (duke_peoplesoft),https://undergraduate.bulletins.duke.edu/courses/0025851
Duke,COMP SCI,CATALOG_0187711-2026-01-01,COMPSCI92L: Technical and Social Analysis of Information and the Internet,N/A,N/A,"Study of standards, software, policy, and the impact of computing and the Internet on science and society. Analysis and creation of software and other computational and digital artifacts to solve problems in many domains using different approaches, including data mining, web-based communication, algorithmic and data-driven approaches, crowd-sourcing. Use of real-world problems in understanding evolving international standards. Analysis of tradeoffs in ethical, economic, and technical areas.",data mining; information; internet,,N/A,Standard,N/A,N/A,Coursedog Catalog API (duke_peoplesoft),https://undergraduate.bulletins.duke.edu/courses/0187711
Duke,COMP SCI,CATALOG_0278631-2021-08-15,"COMPSCI93: History of Computing, Cryptography, and Robotic Devices",N/A,N/A,"Introduction to the history of many diverse devices invented for computation, cryptography, and robotics. These technologies include a wide variety of ingenious devices, including purely mechanical devices, hybrid devices, as well as purely electrical devices. The history includes many fascinating inventors including Babbage and Turing. This history begins in the Greek period and spans many historical periods, to the modern times. By use of models and simulators, students will learn the basics of the operation and programming of various historical mechanical computers, robots and cryptographic devices. Students will do projects on historical devices and/or device inventors.",computing; history; programming,,N/A,Standard,N/A,N/A,Coursedog Catalog API (duke_peoplesoft),https://undergraduate.bulletins.duke.edu/courses/0278631
Duke,COMP SCI,CATALOG_0025861-2025-08-15,COMPSCI94: Programming and Problem Solving,N/A,N/A,"Programming and problem solving in a specific domain such as robotics, virtual worlds, web programming, biology, genomics, or computer science. Students learn the basics of programming by studying problems in one application area. Not open to students who have taken Computer Science 101, 102, 116, Engineering 103 or Computer Science 201.",problem; programming; solving,,N/A,Standard,N/A,N/A,Coursedog Catalog API (duke_peoplesoft),https://undergraduate.bulletins.duke.edu/courses/0025861
Duke,COMP SCI,CATALOG_0276691-2025-08-15,COMPSCI94FS: Programming and Problem Solving,N/A,N/A,"Programming and problem solving in a specific domain such as designing and implementing games, robotics, virtual worlds, web programming, biology, genomics, or computer science. Students learn the basics of programming by studying problems in one application area.",problem; programming; solving,,N/A,Standard,N/A,N/A,Coursedog Catalog API (duke_peoplesoft),https://undergraduate.bulletins.duke.edu/courses/0276691
Duke,COMP SCI,CATALOG_0127771-2012-08-13,COMPSCI100: Computer Science Lower Level Elective,N/A,N/A,Computer Science Lower Level Elective,compsci; elective; level; lower,,N/A,Standard,N/A,N/A,Coursedog Catalog API (duke_peoplesoft),https://undergraduate.bulletins.duke.edu/courses/0127771
Duke,COMP SCI,CATALOG_0025991-2012-08-13,COMPSCI100E: Program Design and Analysis II,N/A,N/A,"Same as Computer Science 100, for students who have taken Engineering 53.  Overview of advanced data structures and analysis of algorithms, data abstraction and abstract data types, object-oriented programming, proofs of correctness, complexity, and computability. Instructor: Astrachan, Duvall, Forbes, or Rodger",algorithms; analy; data structures; design; program; programming,,N/A,Standard,N/A,N/A,Coursedog Catalog API (duke_peoplesoft),https://undergraduate.bulletins.duke.edu/courses/0025991
Duke,COMP SCI,CATALOG_0139851-2012-08-13,COMPSCI100S: Computer Science Lower Level Elective Seminar,N/A,N/A,Computer Science Lower Level Elective Seminar,compsci; elective; level; lower,,N/A,Standard,N/A,N/A,Coursedog Catalog API (duke_peoplesoft),https://undergraduate.bulletins.duke.edu/courses/0139851
Duke,COMP SCI,CATALOG_0025871-2015-08-15,COMPSCI101: Program Design and Analysis I,N/A,N/A,"Introduction to the practices and principles of computer science and programming and their impact on and potential to change the world. Algorithmic, problem-solving, and programming techniques in domains such as art, data visualization, mathematics, natural and social sciences. Programming using high-level languages and design techniques emphasizing abstraction, encapsulation, and problem decomposition. Design, implementation, testing, and analysis of algorithms and programs. No previous programming experience required. Instructor: Astrachan or staff",algorithms; analy; design; program; programming,,N/A,Standard,N/A,N/A,Coursedog Catalog API (duke_peoplesoft),https://undergraduate.bulletins.duke.edu/courses/0025871
Duke,COMP SCI,CATALOG_0107771-2022-08-15,COMPSCI101A: Introduction to Computers and Programming: Study Abroad,N/A,N/A,,computers; program,,N/A,Standard,N/A,N/A,Coursedog Catalog API (duke_peoplesoft),https://undergraduate.bulletins.duke.edu/courses/0107771
Duke,COMP SCI,CATALOG_0143611-2025-08-15,COMPSCI101L: Introduction to Computer Science,N/A,N/A,"Introduction practices and principles of computer science and programming and their impact on and potential to change the world. Algorithmic, problem-solving, and programming techniques in domains such as art, data visualization, mathematics, natural and social sciences. Programming using high-level languages and design techniques emphasizing abstraction, encapsulation, and problem decomposition. Design, implementation, testing, and analysis of algorithms and programs. No previous programming experience required. Not open to students who have taken Computer Science 102, 116, Engineering 103 or Computer Science 201.",algorithms; computer; programming; science,,N/A,Standard,N/A,N/A,Coursedog Catalog API (duke_peoplesoft),https://undergraduate.bulletins.duke.edu/courses/0143611
Duke,COMP SCI,CATALOG_0295311-2025-08-15,COMPSCI101LA: Introduction to Computer Science,N/A,N/A,"Introduction practices and principles of computer science and programming and their impact on and potential to change the world. Algorithmic, problem-solving, and programming techniques in domains such as art, data visualization, mathematics, natural and social sciences. Programming using high-level languages and design techniques emphasizing abstraction, encapsulation, and problem decomposition. Design, implementation, testing, and analysis of algorithms and programs. No previous programming experience required. Not open to students who have taken Computer Science 102, 116, Engineering 103 or Computer Science 201. Offered at Marine Lab.",algorithms; computer; programming; science,,N/A,Standard,N/A,N/A,Coursedog Catalog API (duke_peoplesoft),https://undergraduate.bulletins.duke.edu/courses/0295311
Duke,COMP SCI,CATALOG_0026001-2000-05-15,COMPSCI102: Data Structures,N/A,N/A,"Linear lists, trees, multilinked structures, and their use in algorithms.  Prerequisite: Computer Science 51, 53, or equivalent.  Instructor: Staff",algorithms; data; data structures; structures,,N/A,Standard,N/A,N/A,Coursedog Catalog API (duke_peoplesoft),https://undergraduate.bulletins.duke.edu/courses/0026001
Duke,COMP SCI,CATALOG_0259551-2020-01-01,COMPSCI102L: Interdisciplinary Introduction to Computer Science,N/A,N/A,"Introduction to the practices and principles of computer science and programming and their impact on and potential to change the world motivated by problems drawn from natural science, social science, engineering, and humanities. Programming using Python, appropriate libraries, and APIs to process, analyze, and visualize data. Design, implementation, and analysis emphasizing abstraction, encapsulation, and problem decomposition. No previous programming experience required.",computing; interdisciplinary; programming,,N/A,Standard,N/A,N/A,Coursedog Catalog API (duke_peoplesoft),https://undergraduate.bulletins.duke.edu/courses/0259551
Duke,COMP SCI,CATALOG_0244081-2018-01-02,COMPSCI103L: Computing and the Brain,N/A,N/A,Introductory programming based on problems in neuroscience. Provides foundational skills for using computers to collect and analyze neuroscience data. Study of how computational processes are implemented by information-processing entities: both brains and computers. Python programming to generate sensory stimuli and collect/analyze behavioral and neural data. Scientific and Software Engineering best practices for conducting and verifying neuroscience experiments. Not open to students who have taken Computer Science 101. Prerequisite: Neuroscience 101/Psychology 106 or Neuroscience 102/Psychology 107.,brain; computing; programming; psychology; software engineering,,N/A,Standard,N/A,N/A,Coursedog Catalog API (duke_peoplesoft),https://undergraduate.bulletins.duke.edu/courses/0244081
Duke,COMP SCI,CATALOG_0159291-2016-01-01,COMPSCI104FS: Introduction to Computational Genomics and Computer Science,N/A,N/A,"The role of computation in prior and current biological research, both in large-scale genomics projects such as the human genome project and in basic biology and medical research. Introduction to programming possibly including scripting, CGI programming, dynamic programming, web protocols. Introduction to specific algorithms, tools, and resources for biological research including genome sequence alignment and database design and mining. Technical and social implications of genomics and genome studies made possible by advances in algorithms, computational methods, and computational models. For Focus Program students only",algorithms; computational; genomics; programming,,N/A,Standard,N/A,N/A,Coursedog Catalog API (duke_peoplesoft),https://undergraduate.bulletins.duke.edu/courses/0159291
Duke,COMP SCI,CATALOG_0261831-2022-01-01,COMPSCI104K: Introduction to Computer Science,N/A,N/A,"This course covers not only the fundamental knowledge on a variety of CS topics, but also the essential computational problem-solving skills with hands on programming experience.",computer; programming; science,,N/A,Standard,N/A,N/A,Coursedog Catalog API (duke_peoplesoft),https://undergraduate.bulletins.duke.edu/courses/0261831
Duke,COMP SCI,CATALOG_0026031-2008-05-01,COMPSCI106: Programming Languages,N/A,N/A,"Syntax and semantics of programming languages. Compilation, interpretation, and programming environments; including programming languages such as Algol, PL/1, Pascal, APL, LISP, and Prolog. Exercises in programming. Prerequisite: Computer Science 104. Instructor: Staff",languages; programming,,N/A,Standard,N/A,N/A,Coursedog Catalog API (duke_peoplesoft),https://undergraduate.bulletins.duke.edu/courses/0026031
Duke,COMP SCI,CATALOG_0188522-2019-08-15,COMPSCI107: Complex Systems and Evolving Multiagent Simulations,N/A,N/A,"Theory, practice and epistemology of computing and simulation. Creation of artificial models of life, culture, and evolution for prediction and exploration. Social processes embedded in simulation. Hands-on introduction to C++ to create and modify highly visual, sims with color and sound. Critical exploration of state-of-the-art multicausal, multiagent simulations. Topics include: cellular automata and emergence; human and non-human agency; self-organizing cultures. Historical and cultural contextualization through computer artifacts and applications in science and the arts, industry and entertainment, military and intelligence communities. No programming experience required. Instructor: Gessler",complex; epistemology; evolve; programming; simulatio,,N/A,Standard,N/A,N/A,Coursedog Catalog API (duke_peoplesoft),https://undergraduate.bulletins.duke.edu/courses/0188522
Duke,COMP SCI,CATALOG_0220202-2019-08-15,"COMPSCI107FS: Artificial Life, Culture, and Evolution",N/A,N/A,"Theory, practice and epistemology of computing and simulation. Creation of artificial models of life, culture, and evolution for prediction and exploration. Social processes embedded in simulations. Hands-on introduction to C++ to create and modify highly visual, sims with color and sound. Critical exploration of state-of-the-art multicausal, multiagent simulations. Topics include: cellular automata and emergence; human and non-human agency; self-organizing cultures. Historical and cultural contextualization through computer artifacts and applications in science and the arts, industry and entertainment, military and intelligence communities. No programming experience required. Instructor: Gessler",artificial; culture; epistemology; evolut; life; programming,,N/A,Standard,N/A,N/A,Coursedog Catalog API (duke_peoplesoft),https://undergraduate.bulletins.duke.edu/courses/0220202
Duke,COMP SCI,CATALOG_0026051-2008-05-01,COMPSCI109: Program Design and Construction,N/A,N/A,"Substantial programs. Design specifications, choice of data structures, estimation of programming effort, stepwise development, and program-testing methodology. Programming teams and human factors in system implementation. Advanced topics in use of a procedural language and file management. Prerequisite: Computer Science 104. Instructor: Staff",construction; data structures; design; prog; programming,,N/A,Standard,N/A,N/A,Coursedog Catalog API (duke_peoplesoft),https://undergraduate.bulletins.duke.edu/courses/0026051
Duke,COMP SCI,CATALOG_0125031-2014-08-15,COMPSCI109FS: Minds and Computers: Foundations of Artificial Intelligence,N/A,N/A,"The project of Artificial Intelligence (AI) and the idea of understanding the mind/brain as a computing machine. Elementary ideas both in computational theory and in programming (for example, LISP). Examination of neural network models built to understand the workings of the brain, and major AI projects in knowledge representation, game playing and autonomous robotics, issues in the philosophical foundations of AI, such as the idea of Turing Test, and evaluation of debates between AI researchers and their critics. Open only to students in the Focus Program. Instructor: Staff",artificial intelligence; computers; minds; neural network; programming,,N/A,Standard,N/A,N/A,Coursedog Catalog API (duke_peoplesoft),https://undergraduate.bulletins.duke.edu/courses/0125031
Duke,COMP SCI,CATALOG_0221563-2025-08-15,"COMPSCI110: Information, Society & Culture: Bass Connections Gateway",N/A,N/A,"Information, Society, and Culture across disciplines. How all aspects of information theory and practice, including computational and mathematical and those from social sciences and the humanities are transforming research, reframing intellectual questions in research and its application, and having an impact on interactions within societies, cultures, ideologies, economics, politics. Modules presented by faculty from all areas and schools, contrasting and comparative perspectives in research-driven modules focused on interdisciplinary project questions and ideas. Lecture/section activities. Course Gateway for the Bass Connections theme in Information, Society and Culture.",culture; information; society,,N/A,Standard,N/A,N/A,Coursedog Catalog API (duke_peoplesoft),https://undergraduate.bulletins.duke.edu/courses/0221563
Duke,COMP SCI,CATALOG_0256911-2025-08-15,COMPSCI116: Foundations of Data Science,N/A,N/A,"Introduction to computer programming and statistical inference in the process of conducting analysis of real-world datasets, including economic data, document collections, geographical data, and social networks. Exploration of data via visualization and descriptive statistics. Creating predictions with techniques from machine learning and optimization.Testing hypotheses and making statistical inferences. Learn basic Python programming skills to organize and manipulate data in tables, and to visualize data effectively. Discussion of social issues surrounding data analysis such as privacy and bias. No prior programming experience or statistics is required.",data; data analysis; data science; foundations; machine learning; programming; science; statistics,,N/A,Standard,N/A,N/A,Coursedog Catalog API (duke_peoplesoft),https://undergraduate.bulletins.duke.edu/courses/0256911
Duke,COMP SCI,CATALOG_0261521-2022-01-01,COMPSCI116K: Foundations of Data Science,N/A,N/A,"Introduction to computer programming and statistical inference in the process of conducting analysis of real-world datasets, including economic data, document collections, geographical data, and social networks. Exploration of data via visualization and descriptive statistics. Creating predictions with techniques from machine learning and optimization. Testing hypotheses and making statistical inferences. Learn basic Python programming skills to organize and manipulate data in tables, and to visualize data effectively. Discussion of social issues surrounding data analysis such as privacy and bias. No prior programming experience or statistics coursework is required.",data; data analysis; data science; foundations; machine learning; programming; science; statistics,,N/A,Standard,N/A,N/A,Coursedog Catalog API (duke_peoplesoft),https://undergraduate.bulletins.duke.edu/courses/0261521
Duke,COMP SCI,CATALOG_0036121-2012-08-13,COMPSCI120L: Introduction to Switching Theory and Logic Design,N/A,N/A,"Techniques for the analysis and design of combinational and sequential networks. Discrete mathematical systems, binary arithmetic, Boolean algebra, minimization of functions, synchronous and fundamental mode sequential circuit design, design with MSI and LSI components, and special properties of switching functions are covered. Selected laboratory work. Also taught as Electrical Engineering 151L. Instructor: Cramer or Marinos",switch; theory,,N/A,Standard,N/A,N/A,Coursedog Catalog API (duke_peoplesoft),https://undergraduate.bulletins.duke.edu/courses/0036121
Duke,COMP SCI,CATALOG_0137442-2006-05-01,COMPSCI120L: Introduction to Switching Theory and Logic Design,N/A,N/A,"Techniques for the analysis and design of combinational and sequential networks. Discrete mathematical systems, binary arithmetic, Boolean algebra, minimization of functions, synchronous and fundamental mode sequential circuit design, design with MSI and LSI components, and special properties of switching functions are covered. Selected laboratory work. Also taught as Computer Science 120L. Instructor: Board, Cramer, or Marinos",switch; theory,,N/A,Standard,N/A,N/A,Coursedog Catalog API (duke_peoplesoft),https://undergraduate.bulletins.duke.edu/courses/0137442
Duke,COMP SCI,CATALOG_0188041-2019-08-15,COMPSCI149S: Computer Science Education Research Seminar,N/A,N/A,"Project-based robotics course linked with community service. Designing and implementing the software and hardware architecture of a LEGO robot to perform tasks such as line tracking and simple map building. Reactive and deliberative control. Mentoring students in local schools. Course promotes ability to reason about core algorithms and challenges present in field of autonomous mobile robotics, and to effectively convey and formulate mobile robotics curricula for middle or high school students. Prerequisite: None",algorithms; compsci; research; seminar,,N/A,Standard,N/A,N/A,Coursedog Catalog API (duke_peoplesoft),https://undergraduate.bulletins.duke.edu/courses/0188041
Duke,COMP SCI,CATALOG_0304391-2025-08-15,COMPSCI171CN: Learning how to Learn with AI,N/A,N/A,"This course will explore how we can learn with generative AI (GenAI). GenAI is a general tool and, therefore, could be used to support learning. However, it may also hinder learning if used ineffectively. This course will explore these ideas by learning how humans learn and how GenAI works while applying that understanding by practicing learning.",learning; with,,N/A,Standard,N/A,N/A,Coursedog Catalog API (duke_peoplesoft),https://undergraduate.bulletins.duke.edu/courses/0304391
Duke,COMP SCI,CATALOG_0306381-2026-01-01,COMPSCI172CN: Moral Artificial Intelligence and Algorithmic Justice,N/A,N/A,"Ethical inquiry concerning fairness, justice, and power in modern applications of algorithmic systems and artificial intelligence. Reading and discussion based, no programming requirement.",artificial intelligence; moral; programming,,N/A,Standard,N/A,N/A,Coursedog Catalog API (duke_peoplesoft),https://undergraduate.bulletins.duke.edu/courses/0306381
Duke,COMP SCI,CATALOG_0306371-2026-01-01,COMPSCI173CNL: Cinema Perspectives on Artificial Intelligence,N/A,N/A,"In this course, we will use cinema as a lens on society's view of artificial intelligence. We will discuss how this view has changed over time, and how it compares to the real-world status of AI. It will also include a unit on the usage of AI in creating cinema, and its accelerating impact on moviemaking. Throughout the course, we will be learning some of the real-life history of AIs and how a selection of modern systems work. Students should be prepared to watch one movie a week, and are expected to participate in class discussions. There will be four projects over the semester. Some content will be easier to follow if you have Computer Science 101 or equivalent experience, but coding experience is not required.",artificial intelligence; cinema,,N/A,Standard,N/A,N/A,Coursedog Catalog API (duke_peoplesoft),https://undergraduate.bulletins.duke.edu/courses/0306371
Duke,COMP SCI,CATALOG_0307031-2025-08-15,COMPSCI178A: Applied Conversational AI: Build Your Own Chatbot,N/A,N/A,"In this Computer Science course, you will study conversational agents. You will learn about the history and different types of chatbots, their status quo and applications, and the challenges associated with building a powerful conversational agent. You will build your own chatbots using an open-source framework, evaluate its performance, and improve it by contributing your own software components. Over the course of the semester, we will meet both creators and customers of conversational agents throughout Berlin, one of Europe's tech startup capitals.",build; chatbot; conv,,N/A,Standard,N/A,N/A,Coursedog Catalog API (duke_peoplesoft),https://undergraduate.bulletins.duke.edu/courses/0307031
Duke,COMP SCI,CATALOG_0177861-2012-08-13,COMPSCI181: Duke Equivalent - Computer Science,N/A,N/A,Computer Science Duke Equivalent Used For Transfer Credit,comp; duke; equivalent,,N/A,Standard,N/A,N/A,Coursedog Catalog API (duke_peoplesoft),https://undergraduate.bulletins.duke.edu/courses/0177861
Duke,COMP SCI,CATALOG_0175341-2015-01-01,COMPSCI190: Topics in Computer Science,N/A,N/A,,computer; science,,N/A,Standard,N/A,N/A,Coursedog Catalog API (duke_peoplesoft),https://undergraduate.bulletins.duke.edu/courses/0175341
Duke,COMP SCI,CATALOG_0025971-2023-01-01,COMPSCI190A: Duke-Administered Study Abroad: Special Topics in Computer Science,N/A,N/A,Topics differ by section.,duke,,N/A,Standard,N/A,N/A,Coursedog Catalog API (duke_peoplesoft),https://undergraduate.bulletins.duke.edu/courses/0025971
Duke,COMP SCI,CATALOG_0222651-2022-08-15,COMPSCI190FS: Focus Program: Topics in Computer Science,N/A,N/A,Topics vary by semester. Open only to students in the Focus program.,compsci; focus,,N/A,Standard,N/A,N/A,Coursedog Catalog API (duke_peoplesoft),https://undergraduate.bulletins.duke.edu/courses/0222651
Duke,COMP SCI,CATALOG_0175451-2015-01-01,COMPSCI190S: Topics in Computer Science,N/A,N/A,"Seminar version of Computer Science 190, topics from various areas of computer science, changing each year.",computer; science,,N/A,Standard,N/A,N/A,Coursedog Catalog API (duke_peoplesoft),https://undergraduate.bulletins.duke.edu/courses/0175451
Duke,COMP SCI,CATALOG_0026321-2000-05-15,COMPSCI194: Independent Study,N/A,N/A,"Individual research and reading in a field of special interest, under the supervision of a faculty member, resulting in a substantive paper or written report containing significant analysis and interpretation of a previously approved topic. Open to qualified seniors. Consent of instructor and director of undergraduate studies required.  Instructor: Staff",independent,,N/A,Standard,N/A,N/A,Coursedog Catalog API (duke_peoplesoft),https://undergraduate.bulletins.duke.edu/courses/0026321
Duke,COMP SCI,CATALOG_0026331-2012-08-13,COMPSCI195: Computer Science Internship,N/A,N/A,"Open to computer science majors engaged in industrial work experience only. A faculty member will supervise a program of study related to the work experience, including a substantive paper containing significant analysis and interpretation on a computer science-related topic. Consent of director of internship programs required. Prerequisites: Computer Science 104 and 108. Instructor: Staff",internship,,N/A,Standard,N/A,N/A,Coursedog Catalog API (duke_peoplesoft),https://undergraduate.bulletins.duke.edu/courses/0026331
Duke,COMP SCI,CATALOG_0026351-2006-05-01,COMPSCI198S: Seminar in Research Practice and Methodology,N/A,N/A,"Methodologies in the formulation, analysis, and solution of ill-posed and ill-structured problems. General research techniques, mathematical modeling, search methodologies, experimental design, simulation, statistical analysis, report writing. Not open to students who have taken Computer Science 185S. Prerequisites: four courses in mathematics (MTH 31 or above), four courses in computer science (CPS 8 or 53 or above), and one course in statistics. Instructors. Biermann and staff",methodology; practice; statistics,,N/A,Standard,N/A,N/A,Coursedog Catalog API (duke_peoplesoft),https://undergraduate.bulletins.duke.edu/courses/0026351
Duke,COMP SCI,CATALOG_0128291-2012-08-13,COMPSCI200: Computer Science Upper Level Elective,N/A,N/A,Computer Science Upper Level Elective,compsci; elective; level; upper,,N/A,Standard,N/A,N/A,Coursedog Catalog API (duke_peoplesoft),https://undergraduate.bulletins.duke.edu/courses/0128291
Duke,COMP SCI,CATALOG_0025981-2025-08-15,COMPSCI201: Data Structures and Algorithms,N/A,N/A,"Analysis, use, and design of data structures and algorithms using an object-oriented language like Java to solve computational problems. Emphasis on abstraction including interfaces and abstract data types for lists, trees, sets, tables/maps, and graphs. Implementation and evaluation of programming techniques including recursion. Intuitive and rigorous analysis of algorithms. Prerequisite: Computer Science 101, 102, or 116, or Engineering 103L, or equivalent.",algorithms; data; data structures; programming; structures,,N/A,Standard,N/A,N/A,Coursedog Catalog API (duke_peoplesoft),https://undergraduate.bulletins.duke.edu/courses/0025981
Duke,COMP SCI,CATALOG_0158411-2014-08-15,COMPSCI201L: Program Design and Analysis II (Lab),N/A,N/A,Recitation component for Computer Science 201.,analy; design; program,,N/A,Standard,N/A,N/A,Coursedog Catalog API (duke_peoplesoft),https://undergraduate.bulletins.duke.edu/courses/0158411
Duke,COMP SCI,CATALOG_0026411-2006-05-01,COMPSCI206: Programming Languages,N/A,N/A,"Information binding, data structures and storage, control structures, recursion, execution environments, input/output; syntax and semantics of languages; study of PL/1, Fortran, Algol, APL, LISP, SNOBOL, and SIMULA; exercises in programming. Prerequisite: Computer Science 100. Instructor: Wagner",data structures; languages; programming,,N/A,Standard,N/A,N/A,Coursedog Catalog API (duke_peoplesoft),https://undergraduate.bulletins.duke.edu/courses/0026411
Duke,COMP SCI,CATALOG_0275021-2025-08-15,COMPSCI207: Introduction to Mobile Application Development in iOS,N/A,N/A,"This class explores the world of mobile applications development based on Apple's iOS operating system and Swift programming language. The class will work on Mac computers running Xcode, the integrated development environment, to develop applications for iPhone/iPad devices. The class covers fundamentals essential to understanding all aspects of app development from concept to deployment on the App Store. Students required to present their project proposals and deliver a fully functional mobile application as a final project. Prerequisite: Computer Science 201. Computer Science 250 preferred. Instructor Thomas",mobile; programming,,N/A,Standard,N/A,N/A,Coursedog Catalog API (duke_peoplesoft),https://undergraduate.bulletins.duke.edu/courses/0275021
Duke,COMP SCI,CATALOG_0026431-2008-05-01,COMPSCI208: Programming Methodology,N/A,N/A,"Practical and theoretical topics including structured programming, specification and documentation of programs, debugging and testing strategies, choice and effective use of programming languages and systems, psychology of computer programming, proof of correctness of programs, analysis of algorithms, and properties of program schemata. Prerequisite: Computer Science 100. Instructor: Staff",algorithms; methodology; programming; psychology,,N/A,Standard,N/A,N/A,Coursedog Catalog API (duke_peoplesoft),https://undergraduate.bulletins.duke.edu/courses/0026431
Duke,COMP SCI,CATALOG_0278811-2025-08-15,COMPSCI210D: Introduction to Computer Systems,N/A,N/A,"This course provides a programmer's view of how computer systems execute programs and store information. It examines key computational abstraction levels below modern high-level languages; introduction to C, number and data representations, computer memory, assembly language, memory management, the operating-system process model, high-level machine architecture including the memory hierarchy, and introduction to concurrency. Prerequisite: Computer Science 201. Not open to students who have taken Computer Science 250D. Insructor: Lebeck, Chase, Zhou, Fain, Wills",computer; systems,,N/A,Standard,N/A,N/A,Coursedog Catalog API (duke_peoplesoft),https://undergraduate.bulletins.duke.edu/courses/0278811
Duke,COMP SCI,CATALOG_0232641-2025-08-15,COMPSCI216: Everything Data,N/A,N/A,"Study of data and its acquisition, integration, querying, analysis, and visualization. Concepts and computational tools for working with unstructured, semi-structured, and structured data and databases. Interdisciplinary perspectives of data and its impact crossing science, humanities, policy, and social science. Culminating team project applied to real datasets. Prerequisite: 200-level computer science OR 100-level Statistics OR 200-level Math course, or permission of instructor.",data; everything; statistics,,N/A,Standard,N/A,N/A,Coursedog Catalog API (duke_peoplesoft),https://undergraduate.bulletins.duke.edu/courses/0232641
Duke,COMP SCI,CATALOG_0026531-2008-05-01,COMPSCI218: Compiler Construction,N/A,N/A,"Models and techniques used in the design and implementation of assemblers, interpreters, and compilers. Lexical analysis, compilation of arithmetic expressions and simple statements, specifications of syntax, algorithms for syntactic analysis, code generation and optimization techniques. Instructor: Wagner",algorithms; compiler; construction,,N/A,Standard,N/A,N/A,Coursedog Catalog API (duke_peoplesoft),https://undergraduate.bulletins.duke.edu/courses/0026531
Duke,COMP SCI,CATALOG_0026191-2019-08-15,COMPSCI220: Introduction to Numerical Methods and Analysis,N/A,N/A,"Theory, algorithms, and software that concern numerical solution of linear equations, approximation and interpolation of functions, numerical solution of nonlinear equations, and numerical solution of ordinary differential equations. Prerequisite: Computer Science 101; Mathematics 21; 122; 221 or 111. Instructor: Sun",algorithms; analy; differential equations; meth; numer,,N/A,Standard,N/A,N/A,Coursedog Catalog API (duke_peoplesoft),https://undergraduate.bulletins.duke.edu/courses/0026191
Duke,COMP SCI,CATALOG_0161011-2014-08-15,COMPSCI220S: Introduction to Numerical Methods and Analysis,N/A,N/A,Seminar version of Computer Science 220.,analy; meth; numer,,N/A,Standard,N/A,N/A,Coursedog Catalog API (duke_peoplesoft),https://undergraduate.bulletins.duke.edu/courses/0161011
Duke,COMP SCI,CATALOG_0026561-2006-05-01,COMPSCI222: Introduction to VLSI Systems,N/A,N/A,"A first course in VLSI design with CMOS technologies. A study of devices, circuits, fabrication technology, logic design techniques, subsystem design and system architecture. Modeling of circuits and subsystems. Testing of gates, subsystems and chips, and design for testability. The fundamentals of full-custom design, and some semi-custom design.  Prerequisite: Electrical Engineering 151 or equivalent; Electrical Engineering 161 or equivalent.  Instructor: Staff",logic; systems; vlsi,,N/A,Standard,N/A,N/A,Coursedog Catalog API (duke_peoplesoft),https://undergraduate.bulletins.duke.edu/courses/0026561
Duke,COMP SCI,CATALOG_0026571-2006-05-01,COMPSCI223: Application Specific VLSI Design,N/A,N/A,"Introductory VLSI design course. Modern design methods and technology for implementing application specific integrated circuits (ASICs). Semicustom design methodology, semicustom VLSI technologies such as gate arrays, standard cells, and FPGAs; the use of ASIC computer Aided Design (CAD) tools. Mapping algorithms into high performance silicone implementation. Prerequisite: course in logic design. Instructor: Kedem",algorithms; appl; logic; specific; vlsi,,N/A,Standard,N/A,N/A,Coursedog Catalog API (duke_peoplesoft),https://undergraduate.bulletins.duke.edu/courses/0026571
Duke,COMP SCI,CATALOG_0178781-2019-08-15,COMPSCI224: Introduction to Computer Modeling,N/A,N/A,"Introduction to techniques for developing, evaluating, and analyzing computational models for problems in the sciences and social sciences. Stochastic, deterministic, discrete, and continuous models. Stability of numerical approximations, parameter estimation, perturbation theory. Case studies from biology and economics.  Prerequisites: Mathematics 21, 122, 100-level Statistics.  Instructor: Tomasi",compu; modeling; statistics,,N/A,Standard,N/A,N/A,Coursedog Catalog API (duke_peoplesoft),https://undergraduate.bulletins.duke.edu/courses/0178781
Duke,COMP SCI,CATALOG_0026601-2008-08-15,COMPSCI226: Mathematical Methods for Systems Analysis I,N/A,N/A,"Basic concepts and techniques used in the stochastic modeling of systems. Elements of probability, statistics, queuing theory, and simulation. Also taught as Electrical Engineering 255. Prerequisite: four semesters of college mathematics. Instructor: Trivedi",analy; math; meth; probability; statistics,,N/A,Standard,N/A,N/A,Coursedog Catalog API (duke_peoplesoft),https://undergraduate.bulletins.duke.edu/courses/0026601
Duke,COMP SCI,CATALOG_0298291-2025-08-15,COMPSCI226: User Research Methods in Human-Centered Computing,N/A,N/A,"This course serves as an introduction to a wide range of user-centered research study design methods and quantitative and qualitative data analysis techniques that students can use to capture users' perceived and real attitudes and behaviors toward technologies and policies. The course is most suitable for students who have some programming, algorithms, and data analysis background (e.g., an undergraduate computer programming course, such as Computer Science 201). In addition, having statistical knowledge and experience using statistical analysis tools, including R, Python, and STATA, is encouraged but not required.",algorithms; data analysis; methods; programming; research; user,,N/A,Standard,N/A,N/A,Coursedog Catalog API (duke_peoplesoft),https://undergraduate.bulletins.duke.edu/courses/0298291
Duke,COMP SCI,CATALOG_0158471-2025-08-15,COMPSCI230: Discrete Math for Computer Science,N/A,N/A,"Mathematical notations, logic, and proof; linear and matrix algebra; graphs, digraphs, trees, representations, and algorithms; counting, permutations, combinations, discrete probability, Markov models; advanced topics from algebraic structures, geometric structures, combinatorial optimization, number theory. Pre/corequisite: Computer Science 201. Not open to students who have taken CompSci 232.",algorithms; compsci; discrete; logic; math; probability,,N/A,Standard,N/A,N/A,Coursedog Catalog API (duke_peoplesoft),https://undergraduate.bulletins.duke.edu/courses/0158471
Duke,COMP SCI,CATALOG_0302381-2025-08-15,COMPSCI231D: Discrete Math with Functional Programming and Proofs: A Mathematical Intro to Computer Science,N/A,N/A,"Intro to mathematical computer science. Use the lens of functional programming to learn discrete math and to write mathematical proofs. Topics include: Computation From a Mathematical Viewpoint; Functional Abstraction; Substitution Model; Iteration, Recursion and Induction; Number theory, RSA/Cryptography; Graph Theory; Set theory, Types & Functions; Analysis of Algorithms, Algorithmic Complexity; Lists, Trees, hierarchical data: Mathematical Proofs; Structural Induction; Streams; MapReduce; Computability & the Halting Theorem; Countability, and Equinumerosity; Computational Geometry ; Turing Reductions; Probability; Hidden Markov Models; Lower bounds; Motion Planning for Robotics. Recommended prerequiste: Math 111 or equivalent, Computer Science 101 or equivalent. Cannot take if taken Computer Science 230 or 232.",algorithms; discrete; math; probability; programming,,N/A,Standard,N/A,N/A,Coursedog Catalog API (duke_peoplesoft),https://undergraduate.bulletins.duke.edu/courses/0302381
Duke,COMP SCI,CATALOG_0295342-2025-08-15,COMPSCI232: Discrete Mathematics and Proofs,N/A,N/A,"This course takes a theoretical approach to probability, directed graphs, and Markov chains. Students will engage with proofs (both understanding proofs and constructing their own proofs) to investigate topics including discrete distributions, conditional probability, graphs, directed graphs, and Markov chains. Students will apply Markov models to novel contexts. Not open to students who have taken Computer Science 230.",discrete; mathematics; probability; proofs,,N/A,Standard,N/A,N/A,Coursedog Catalog API (duke_peoplesoft),https://undergraduate.bulletins.duke.edu/courses/0295342
Duke,COMP SCI,CATALOG_0026671-2012-08-13,COMPSCI235: Topics in Data Compression,N/A,N/A,"Emphasis on the redundancies found in textual, still-frame images, video, and voice data, and how they can be effectively removed to achieve compression. The compression effects in information processing. Additional topics may include information theory, the vulnerability of compressed data to transmission errors, and the loss of information with respect to the human visual system (for image data). Available compression technologies and the existing compression standards. Prerequisites: Computer Science 130 and 208 or Computer Science 254 or Electrical Engineering 282. Instructor: Reif or Sun",compression; data,,N/A,Standard,N/A,N/A,Coursedog Catalog API (duke_peoplesoft),https://undergraduate.bulletins.duke.edu/courses/0026671
Duke,COMP SCI,CATALOG_0143731-2008-05-01,COMPSCI238: I/O-Efficient Algorithms,N/A,N/A,"Design and analysis of I/O-Efficient (or external memory) algorithms for problems involving massive datasets.  Memory models and algorithm design paradigms.  External memory algorithms for sorting and searching, graph problems, geometric problems, string problems and scientific computing problems.  Implementation of I/O-Efficient algorithms.  Prerequisites:  Computer Science 230 or equivalent.  Instructor:  Staff",algorithm; algorithms; efficient,,N/A,Standard,N/A,N/A,Coursedog Catalog API (duke_peoplesoft),https://undergraduate.bulletins.duke.edu/courses/0143731
Duke,COMP SCI,CATALOG_0278071-2025-08-15,"COMPSCI240: Race, Gender, Class, & Computing",N/A,N/A,"This course examines how identity impacts and is impacted by computing. Through an introduction to identity as a social construct, we will explore the societal factors that have influenced present-day technology development and use, historical contexts, and the resulting impact on various communities.",class; computing; gender; race,,N/A,Standard,N/A,N/A,Coursedog Catalog API (duke_peoplesoft),https://undergraduate.bulletins.duke.edu/courses/0278071
Duke,COMP SCI,CATALOG_0143741-2014-08-15,COMPSCI241S: Computer Science Seminar,N/A,N/A,"In-depth exploration of specific areas in computer science.  The methods of critical inquiry and scholarly research reinforced with regular written analysis, seminar-style presentations and collaborative research projects.  Prerequisites:  Computer Science 201 and 250.  Instructor:  Staff",computer; science; seminar,,N/A,Standard,N/A,N/A,Coursedog Catalog API (duke_peoplesoft),https://undergraduate.bulletins.duke.edu/courses/0143741
Duke,COMP SCI,CATALOG_0026731-2006-05-01,COMPSCI242: Logic for Computer Science,N/A,N/A,"Aspects of logic with a focus on computational issues. Topics include propositional and predicate calculi and the theory underlying their automation, that is, the compactness theorems, the Herbrand-Skolem-G<148>del theorem, unification, and resolution. Proof procedures and their search characteristics. The use of natural deduction and sequent calculi in describing logics, specifying programming language semantics and formalizing type systems. Structural properties, such as cut-elimination, in such systems. The logical systems underlying programming languages like Prolog and ML. Applications of logic in automated reasoning, program verification and synthesis. Not open to students who have taken CPS 218 before fall 1994. Instructor: Loveland",computer; logic; programming,,N/A,Standard,N/A,N/A,Coursedog Catalog API (duke_peoplesoft),https://undergraduate.bulletins.duke.edu/courses/0026731
Duke,COMP SCI,CATALOG_0274901-2021-01-01,COMPSCI243: Programming Interview Skills and Practice,N/A,N/A,"Techniques and best practices for solving the kind of programming and algorithmic problems typically part of technical interviews. Common genres of problems, methods for solving them, engaging peers and interviewers in the process of solving problems. Students will be expected to participate in leetcode, hackerrank, and APT problems, with role-playing and discussion of what works and does not work. Prerequisite: Computer Science 201.",interview; programming; skills,,N/A,Standard,N/A,N/A,Coursedog Catalog API (duke_peoplesoft),https://undergraduate.bulletins.duke.edu/courses/0274901
Duke,COMP SCI,CATALOG_0123401-2008-05-01,COMPSCI243: DISTRIBUTE SYS & NETWORK,N/A,N/A,,distribute; network,,N/A,Standard,N/A,N/A,Coursedog Catalog API (duke_peoplesoft),https://undergraduate.bulletins.duke.edu/courses/0123401
Duke,COMP SCI,CATALOG_0292632-2025-08-15,COMPSCI247S: Human Flourishing in a Digital Age,N/A,N/A,"The digital age has enhanced human life in many ways: communication is faster, medicine is better, and our knowledge of the world is deeper. But it has also changed the nature of work, society, and our sense of well-being, and raised fundamental questions about the meaning and purpose of human life. This course asks what it means for humans to flourish in a digital age. It considers how new technologies through the centuries have impacted human flourishing, making certain aspects easier and others harder, and perhaps even altering our conception of what flourishing looks like. Our ultimate goal is to ponder together how we should practically live in today's digital age. For sophomores only.",digital; flourishing; human,,N/A,Standard,N/A,N/A,Coursedog Catalog API (duke_peoplesoft),https://undergraduate.bulletins.duke.edu/courses/0292632
Duke,COMP SCI,CATALOG_0146862-2006-05-01,COMPSCI248: Philosophy of Computing,N/A,N/A,"The conceptual foundations of computing with respect to conceptual, explanatory, and empirical criteria.  Focus on: formal symbol manipulation, recursive function theory, effective computability, computational complexity, digitality, and information processing.  Non-standard approaches such as connectionism, dynamics, and artificial life.  Not open to students who have taken Philosophy 156.  Prerequisite: Either 3 courses in computer science and 1 in philosophy; or 3 courses in philosophy and 1 in computer science; or consent of instructor.  Instructor: Staff",computing; philosophy,,N/A,Standard,N/A,N/A,Coursedog Catalog API (duke_peoplesoft),https://undergraduate.bulletins.duke.edu/courses/0146862
Duke,COMP SCI,CATALOG_0242201-2017-01-01,COMPSCI249: Computer Science Education Research,N/A,N/A,"A project-based course involving computer science education, issues on computer science curricula, and educational techniques in general. Students should have previous or current experience in teaching or tutoring Computer Science. May be repeated. Instructor consent is required.",compsci; research,,N/A,Standard,N/A,N/A,Coursedog Catalog API (duke_peoplesoft),https://undergraduate.bulletins.duke.edu/courses/0242201
Duke,COMP SCI,CATALOG_0129621-2015-08-15,COMPSCI249S: CompSci Majors - Project-based Robotics Course with Service Learning,N/A,N/A,"Project-based robotics course linked with community service. Introduction and implementation of algorithms for navigation, map building, and object recognition. Representing uncertainty in robot motion and sensing. Mentoring students in local schools. After taking this course, students should be able to reason about the core algorithms and challenges present in the field of autonomous mobile robotics; and effectively convey and formulate mobile robotics curricula for middle or high school students. Prerequisite: Computer Science 201 or equivalent programming experience. Instructor: Forbes",algorithms; programming; robotics; teaching; with,,N/A,Standard,N/A,N/A,Coursedog Catalog API (duke_peoplesoft),https://undergraduate.bulletins.duke.edu/courses/0129621
Duke,COMP SCI,CATALOG_0026021-2017-01-01,COMPSCI250: Computer Architecture,N/A,N/A,"Computer structure, machine language, instruction execution, addressing techniques, and digital representation of data. Computer systems organization, logic design, microprogramming, and interpreters. Symbolic coding and assembly systems. Prerequisite: Computer Science 201 or consent of instructor. Instructor: Lebeck, Lee, or Sorin",architecture; computer; logic,,N/A,Standard,N/A,N/A,Coursedog Catalog API (duke_peoplesoft),https://undergraduate.bulletins.duke.edu/courses/0026021
Duke,COMP SCI,CATALOG_0174302-2021-08-15,COMPSCI250D: Computer Architecture,N/A,N/A,"Computer structure, assembly language, instruction execution, addressing techniques, and digital representation of data. Computer system organization, logic design, microprogramming, cache and memory systems, and input/output interfaces. Prerequisite: Computer Science 201.",architecture; computer; logic,,N/A,Standard,N/A,N/A,Coursedog Catalog API (duke_peoplesoft),https://undergraduate.bulletins.duke.edu/courses/0174302
Duke,COMP SCI,CATALOG_0026761-2006-05-01,COMPSCI252: Numerical Methods for Partial Differential Equations,N/A,N/A,"Survey of theory, algorithms, and codes for the numerical solution of nonlinear partial differential equations of initial value and boundary value type. Topics include finite-difference, spectral, and finite-element representations; stability of time-discretization techniques; adaptive spatial meshes; multigrid and preconditioned conjugate gradient techniques; solution on parallel computers. Prerequisite: Computer Science 250. Instructor: Rose or Sun",algorithms; diff; differential equations; equat; meth; part,,N/A,Standard,N/A,N/A,Coursedog Catalog API (duke_peoplesoft),https://undergraduate.bulletins.duke.edu/courses/0026761
Duke,COMP SCI,CATALOG_0026771-2006-05-01,COMPSCI254: Numerical Linear Algebra,N/A,N/A,"Solution of large, sparse linear systems of equations. Storage schemes, graph theory for sparse matrices, different orderings to minimize fill, block factorizations, iterative methods, analysis of different splittings, conjugate gradient methods. Eigenvalue problems, QR factorization, Lanczos method, power method and inverse iteration, Rayleigh quotient. Prerequisite: Computer Science 250 or equivalent. Instructor: Rose or Sun",algebra; linear; linear algebra; numerical,,N/A,Standard,N/A,N/A,Coursedog Catalog API (duke_peoplesoft),https://undergraduate.bulletins.duke.edu/courses/0026771
Duke,COMP SCI,CATALOG_0288112-2026-01-01,COMPSCI255: Introduction to Cyber Policy,N/A,N/A,"Policy and technical elements of activity in cyberspace will continue to impact and shape global society. Provide a basic understanding of fundamental of cyber technologies and threats, national and international cyber policies and frameworks, and key topical issues in cyber. Students will be required to complete a written mid-term based on lectures and readings, present short classroom briefings, and engage in class discussions. The final will be a capstone written and oral presentation on a realistic cyber scenario applying knowledge from classwork and their own research. No prior skills or knowledge is required.",cyber; policy,,N/A,Standard,N/A,N/A,Coursedog Catalog API (duke_peoplesoft),https://undergraduate.bulletins.duke.edu/courses/0288112
Duke,COMP SCI,CATALOG_0026791-2006-05-01,COMPSCI256: Functional Analysis for Scientific Computing,N/A,N/A,"Linear spaces, topologies, norms, and completeness. Focus on Banach and Hilbert spaces including Sovolev spaces. Linear and nonlinear operators. Fr<130>chet derivatives. Iterative methods for nonlinear operator systems, such as Newton-like methods. Applications. Intended for science and engineering students but not mathematics graduate students. Not open to students who have taken Computer Science 245. Prerequisite: Computer Science 221 or 250. Instructor: Rose",analy; comp; funct,,N/A,Standard,N/A,N/A,Coursedog Catalog API (duke_peoplesoft),https://undergraduate.bulletins.duke.edu/courses/0026791
Duke,COMP SCI,CATALOG_0154961-2026-01-01,COMPSCI260: Introduction to Computational Genomics,N/A,N/A,"A computational perspective on the analysis of genomic and genome-scale information. Focus on exploration and analysis of large genomic sequences, but also attention to issues in structural and functional genomics. Topics include genome sequence assembly, local and global alignment, gene and motif finding, protein threading and folding, and the clustering and classification of genes and tissues using gene expression data. Students to learn computational approaches to genomics as well as to develop practical experience with handling, analyzing, and visualizing information at a genome-scale.",computational; genomics,,N/A,Standard,N/A,N/A,Coursedog Catalog API (duke_peoplesoft),https://undergraduate.bulletins.duke.edu/courses/0154961
Duke,COMP SCI,CATALOG_0026801-2003-08-15,COMPSCI260: Introduction to Computational Science,N/A,N/A,"Introduction for students and faculty to computing resources that facilitate research involving scientific computing: contemporary computers, programming languages, numerical software packages, visualization tools, and some basic issues and methods for high performance algorithm design. Prerequisite: programming experience in Fortran or C, calculus, numerical linear algebra or equivalent. Instructor: Greenside, Rose, or Sun",algorithm; calculus; computational; linear algebra; programming; science,,N/A,Standard,N/A,N/A,Coursedog Catalog API (duke_peoplesoft),https://undergraduate.bulletins.duke.edu/courses/0026801
Duke,COMP SCI,CATALOG_0144462-2008-05-01,COMPSCI260: Algorithms in Computational Biology,N/A,N/A,"Provides a systematic introduction to the algorithms behind the most commonly-used tools in computational biology. Surveys a wide range of methods in the field and provides a significant amount of exposure to actual tools, but primary emphasis is on understanding and analyzing the algorithms behind these tools. Introduction to common techniques in algorithmic design and analysis, including design of data structures and analysis of running time. Covers dynamic programming, string matching, probabilistic techniques, geometric algorithms, hidden Markov models, data mining, and  complexity analysis. Topics explored in the context of applications of genome sequence assembly, protein and DNA homology detection, gene and promoter finding, protein structure prediction, motif identification, analysis of gene expression data, functional genomics, and phylogenetic trees. Instructor: Agarwal or Hartemink",algorithms; biology; compu; data mining; data structures; programming,,N/A,Standard,N/A,N/A,Coursedog Catalog API (duke_peoplesoft),https://undergraduate.bulletins.duke.edu/courses/0144462
Duke,COMP SCI,CATALOG_0273015-2025-08-15,COMPSCI265S: Digital Feminism,N/A,N/A,"The aim of this course is to critically analyze digital culture from a feminist and gender studies perspective. We will address topics related to digital innovation and its history, unpacking and questioning them through the insights offered by genders studies analytical tools. Subjects such as the rise of the Silicon Valley, gaming culture, social media, algorithms, Artificial Intelligence, extraction of data applied to biotechnology, macroeconomic development of IT platforms and the impact of technology on ecology will be discussed starting from a current event or debate, to which we will give a historical, ethical, sociological, theoretical, literary or cinematographic perspective.",algorithms; artificial intelligence; digital; feminism,,N/A,Standard,N/A,N/A,Coursedog Catalog API (duke_peoplesoft),https://undergraduate.bulletins.duke.edu/courses/0273015
Duke,COMP SCI,CATALOG_0026831-2006-05-01,"COMPSCI266: Communication, Computation, and Memory in Biological Systems",N/A,N/A,"Communication and memory in biological systems: voltage sensitive ion channels, hormone-receptor interactions, and initiation and control of RNA/DNA synthesis. Models of signaling and memory are developed and related to electronic signaling schemes. Prerequisites: Computer Science 100, two semesters of college chemistry, and four semesters of college mathematics. Instructor: Starmer",comm; comp; memory,,N/A,Standard,N/A,N/A,Coursedog Catalog API (duke_peoplesoft),https://undergraduate.bulletins.duke.edu/courses/0026831
Duke,COMP SCI,CATALOG_0307221-2026-01-01,COMPSCI270L: Mathematics for Artificial Intelligence,N/A,N/A,"Mathematics and numerical algorithms for artificial intelligence and machine learning. Linear algebra: vector spaces; linear maps; orthogonality; singular-value decomposition; linear systems; eigenspaces; determinant; Schur decomposition. Calculus: gradient, Hessian, Jacobian matrix; back-propagation; Optimization: unconstrained minimization; Lagrange multipliers; gradient descent; Newton's method. Applications: principal component analysis; linear regression; rigid transformations; logistic regression classifier. Prerequisite: COMPSCI 101 or 201, and MATH 111L or 112L. Fluency in Python recommended. Not recommended for students who have taken MATH 216, 218, or 221.",algorithms; artificial intelligence; calculus; linear algebra; machine learning; math,,N/A,Standard,N/A,N/A,Coursedog Catalog API (duke_peoplesoft),https://undergraduate.bulletins.duke.edu/courses/0307221
Duke,COMP SCI,CATALOG_0122511-2008-05-01,COMPSCI273: NEURAL NETWORKS,N/A,N/A,,networks; neural; neural networks,,N/A,Standard,N/A,N/A,Coursedog Catalog API (duke_peoplesoft),https://undergraduate.bulletins.duke.edu/courses/0122511
Duke,COMP SCI,CATALOG_0026861-2008-08-15,COMPSCI274S: Computational Linguistics Seminar,N/A,N/A,"Readings and research seminar on topics related to the processing of English or other natural languages: syntax, semantics, pragmatics, discourse, and others. Prerequisite: Computer Science 270 or consent of instructor. Instructor: Biermann",computational; ling,,N/A,Standard,N/A,N/A,Coursedog Catalog API (duke_peoplesoft),https://undergraduate.bulletins.duke.edu/courses/0026861
Duke,COMP SCI,CATALOG_0123411-2008-05-01,COMPSCI275: EXPERT SYSTEMS,N/A,N/A,,expert; systems,,N/A,Standard,N/A,N/A,Coursedog Catalog API (duke_peoplesoft),https://undergraduate.bulletins.duke.edu/courses/0123411
Duke,COMP SCI,CATALOG_0246301-2018-08-15,COMPSCI281K: Computational Photography,N/A,N/A,"The modern camera is a computer with integrated sensor resources. This course explores what happens to image data in cameras after the raw data are captured. We examine the image processing pipeline, including nonuniformity correction, noise reduction, color estimation, white and black balance, gamma correction, exposure and focus control, and motion and rolling shutter compensation. We investigate multiaperture image integration, 3D, and extended depth of field imaging. We explore computer architecture and operating systems and examine CPUs, image processing units, memory, and communications within camera systems. Taught at Duke Kunshan University. Prerequisite: Introductory computer programming in C++ or Java or Python or Matlab. Instructor: Brady",computational; photography; programming,,N/A,Standard,N/A,N/A,Coursedog Catalog API (duke_peoplesoft),https://undergraduate.bulletins.duke.edu/courses/0246301
Duke,COMP SCI,CATALOG_0246491-2018-08-15,COMPSCI282K: Numerical Methods for Scientific Computing and Machine Learning,N/A,N/A,"Numerical methods are an important tool for scientific computing and machine learning problems such as image classification, thermal analysis, etc. The goal of this course is to teach a number of commonly-used algorithms (including linear solver, regression, classification, nonlinear optimization) and how they can be used to solve practical engineering problems. This course will help to develop the mathematical skills to build customized algorithms, as well as the background required to use commercial tools. Prerequisite: Undergraduate-level calculus, linear algebra, and probability. Taught at Duke Kunshan University. Instructor: Li",algorithms; calculus; linear algebra; machine learning; methods; numerical; probability,,N/A,Standard,N/A,N/A,Coursedog Catalog API (duke_peoplesoft),https://undergraduate.bulletins.duke.edu/courses/0246491
Duke,COMP SCI,CATALOG_0069211-2026-01-01,COMPSCI288: Logic and Its Applications,N/A,N/A,"Topics in proof theory, model theory, and recursion theory; applications to computer science, formal linguistics, mathematics, and philosophy. Usually taught jointly by faculty members from the departments of computer science, mathematics, and philosophy. Prerequisite: PHIL 150 or PHIL 250.",applications; logic; philosophy,,N/A,Standard,N/A,N/A,Coursedog Catalog API (duke_peoplesoft),https://undergraduate.bulletins.duke.edu/courses/0069211
Duke,COMP SCI,CATALOG_0120111-2008-05-01,COMPSCI290: NEURAL NETWK/CONTR ACT,N/A,N/A,,contr; netwk; neural,,N/A,Standard,N/A,N/A,Coursedog Catalog API (duke_peoplesoft),https://undergraduate.bulletins.duke.edu/courses/0120111
Duke,COMP SCI,CATALOG_0026341-2015-01-01,COMPSCI290: Topics in Computer Science,N/A,N/A,"Topics from various areas of computer science, changing each year. Prerequisite: Computer Science 201 or equivalent.",computer; science,,N/A,Standard,N/A,N/A,Coursedog Catalog API (duke_peoplesoft),https://undergraduate.bulletins.duke.edu/courses/0026341
Duke,COMP SCI,CATALOG_0026281-2012-08-13,COMPSCI290A: Duke-Administered Study Abroad: Advanced Special Topics in Computer Science,N/A,N/A,Topics differ by section.,duke,,N/A,Standard,N/A,N/A,Coursedog Catalog API (duke_peoplesoft),https://undergraduate.bulletins.duke.edu/courses/0026281
Duke,COMP SCI,CATALOG_0300001-2025-01-01,COMPSCI290D: Topics in Computer Science,N/A,N/A,"Topics from various areas of computer science, changing each year.",computer; science,,N/A,Standard,N/A,N/A,Coursedog Catalog API (duke_peoplesoft),https://undergraduate.bulletins.duke.edu/courses/0300001
Duke,COMP SCI,CATALOG_0149251-2015-01-01,COMPSCI290S: Topics in Computer Science,N/A,N/A,Seminar version of Computer Science 290.,computer; science,,N/A,Standard,N/A,N/A,Coursedog Catalog API (duke_peoplesoft),https://undergraduate.bulletins.duke.edu/courses/0149251
Duke,COMP SCI,CATALOG_0026881-2006-05-01,COMPSCI291: Reading and Research in Systems,N/A,N/A,Instructor: Staff,reading; research; systems,,N/A,Standard,N/A,N/A,Coursedog Catalog API (duke_peoplesoft),https://undergraduate.bulletins.duke.edu/courses/0026881
